{"Q": [34.82361469072165, 42.265625, 44.78455219072165, 46.69539304123711, 47.79800257731959], "D": [0.7616499662399292, 3.4497880935668945, 5.336663722991943, 5.855384826660156, 6.039728164672852]}