{"Q": [41.51041666666667, 60.299479166666664, 65.98958333333333, 66.82725694444444, 65.40364583333334, 65.62065972222221, 64.58333333333333, 64.00607638888889, 63.49392361111111, 63.207465277777786, 65.59027777777777, 66.07204861111111, 68.54600694444444, 69.99999999999999, 70.3125, 70.44704861111111, 70.48177083333334, 70.64670138888889, 70.52951388888889, 70.546875], "D": [0.09819398075342178, 0.4945412278175354, 1.1960370540618896, 2.119410514831543, 3.4182965755462646, 4.461199760437012, 5.160186290740967, 5.659441947937012, 6.026484489440918, 6.30001974105835, 6.487164497375488, 6.765815258026123, 7.0068230628967285, 7.267006874084473, 7.4527764320373535, 7.632172584533691, 7.767491340637207, 7.9113688468933105, 8.017027854919434, 8.061052322387695]}