{"Q": [0.326923076923077, 8.42988782051282, 17.75480769230769, 23.889423076923077, 27.541266025641022, 30.044871794871796, 31.170272435897438, 32.59975961538462, 33.29727564102565, 34.43189102564103, 34.81690705128205, 35.36538461538461, 35.83133012820513, 36.81249999999999, 36.732371794871796, 37.250801282051285, 37.893830128205124, 38.07932692307692, 37.73557692307692, 38.47355769230769, 34.06089743589744, 34.32532051282051, 34.92347756410256, 35.40464743589744, 34.58934294871795, 33.121794871794876, 34.124198717948715, 34.18269230769231, 32.73677884615385, 34.90024038461539, 27.333333333333332, 28.360576923076923, 27.992387820512825, 31.57211538461538, 31.54927884615385, 23.132612179487182, 26.899839743589745, 28.4306891025641, 24.605368589743588, 25.290064102564106, 25.89983974358974, 27.678285256410255, 28.387820512820515, 25.34855769230769, 29.429086538461537, 29.818509615384613, 31.125, 31.24399038461538, 31.622195512820515, 31.73517628205128, 31.766025641025642, 31.312900641025642, 30.65464743589743, 31.126201923076923, 30.896233974358978, 31.320112179487182, 32.27764423076923, 32.18028846153847, 32.12660256410256, 31.984775641025642, 32.588541666666664, 32.30649038461538, 32.2744391025641, 32.62019230769231, 32.80649038461539, 32.45673076923077], "D": [9.994357109069824, 9.994831085205078, 9.995260238647461, 9.996565818786621, 9.998124122619629, 9.998191833496094, 9.997785568237305, 9.996315956115723, 9.994486808776855, 9.993766784667969, 9.993077278137207, 9.993439674377441, 9.993500709533691, 9.994346618652344, 9.995080947875977, 9.993962287902832, 9.994604110717773, 9.993185043334961, 9.994336128234863, 9.993879318237305, 7.017552852630615, 6.400704860687256, 6.3202595710754395, 6.286922931671143, 6.2628583908081055, 6.2419753074646, 6.191298961639404, 6.186277389526367, 6.169456481933594, 6.071711540222168, 6.357377529144287, 6.277649402618408, 6.238741874694824, 6.155574321746826, 6.1450114250183105, 6.356325626373291, 6.440069675445557, 6.563859939575195, 6.420125961303711, 7.157195091247559, 6.855380058288574, 6.675556659698486, 6.597760200500488, 6.797327041625977, 7.4454145431518555, 7.256106853485107, 7.108923435211182, 7.010692596435547, 6.944494247436523, 6.874266147613525, 6.792140960693359, 6.8302412033081055, 6.765522003173828, 6.641119956970215, 6.65669059753418, 6.636743068695068, 6.49063777923584, 6.429595470428467, 6.397516250610352, 6.347624778747559, 6.368404865264893, 6.3091349601745605, 6.319232940673828, 6.2876482009887695, 6.285696029663086, 6.261972427368164]}