{"Q": [49.34575320512821, 49.6161858974359, 49.00520833333333, 49.46634615384615, 49.59815705128206, 49.15625, 49.681891025641015, 49.78645833333333, 49.98237179487179, 49.87379807692307, 49.58934294871795, 49.375400641025635], "D": [4.204705715179443, 4.300285816192627, 3.6325979232788086, 3.978041648864746, 4.070733070373535, 4.113664627075195, 4.2735514640808105, 4.361056804656982, 4.366206169128418, 4.410431385040283, 4.440428256988525, 4.4166107177734375]}