{"Q": [79.54767628205127, 79.52884615384616, 79.55849358974359, 79.55208333333334, 79.50921474358975, 79.53645833333334, 79.48397435897436, 79.51883012820512, 79.46634615384615, 79.42508012820512, 79.45913461538461, 79.4326923076923, 79.39623397435898], "D": [7.0921125411987305, 7.063997268676758, 7.0379791259765625, 7.013242721557617, 6.991234302520752, 6.9724440574646, 6.9516777992248535, 6.937627792358398, 6.92359733581543, 6.909648418426514, 6.89824104309082, 6.885603427886963, 6.8757452964782715]}